{
	"format_version": "1.8.0",
	"animations": {
		"barrage": {
			"animation_length": 2,
			"bones": {
				"body": {
					"rotation": {
						"0.0": {
							"vector": [0, 0, 0]
						},
						"0.1667": {
							"vector": [-12.5, 0, 0]
						},
						"0.2917": {
							"vector": [-12.5, 0, 0]
						},
						"0.4583": {
							"vector": [10.87, 0, 0]
						},
						"1.9583": {
							"vector": [0, 0, 0]
						}
					},
					"position": {
						"0.0": {
							"vector": [0, 0, 0]
						},
						"1.9583": {
							"vector": [0, 0, 0]
						}
					},
					"scale": {
						"0.0": {
							"vector": [1, 1, 1]
						},
						"1.9583": {
							"vector": [1, 1, 1]
						}
					}
				},
				"torso": {
					"rotation": {
						"0.0": {
							"vector": [0, 0, 0]
						},
						"1.9583": {
							"vector": [0, 0, 0]
						}
					},
					"position": {
						"0.0": {
							"vector": [0, 0, 0]
						},
						"1.9583": {
							"vector": [0, 0, 0]
						}
					},
					"scale": {
						"0.0": {
							"vector": [1, 1, 1]
						},
						"1.9583": {
							"vector": [1, 1, 1]
						}
					}
				},
				"head": {
					"rotation": {
						"0.0": {
							"vector": [0, 0, 0]
						},
						"0.1667": {
							"vector": [14, 0, 0]
						},
						"0.3333": {
							"vector": [0, 0, 0]
						},
						"0.5417": {
							"vector": [0, 2.5, 0]
						},
						"0.6667": {
							"vector": [-5, 2.5, 0]
						},
						"0.75": {
							"vector": [0, 0, 0]
						},
						"0.9167": {
							"vector": [0, 0, 0]
						},
						"1.0417": {
							"vector": [0, -5, 0]
						},
						"1.2083": {
							"vector": [0, 2.5, 0]
						},
						"1.3333": {
							"vector": [-5, 2.5, 0]
						},
						"1.4167": {
							"vector": [0, 0, 0]
						},
						"1.5833": {
							"vector": [0, 0, 0]
						},
						"1.9583": {
							"vector": [0, 0, 0]
						}
					},
					"position": {
						"0.0": {
							"vector": [0, 0, 0]
						},
						"1.9583": {
							"vector": [0, 0, 0]
						}
					},
					"scale": {
						"0.0": {
							"vector": [1, 1, 1]
						},
						"1.9583": {
							"vector": [1, 1, 1]
						}
					}
				},
				"right_arm": {
					"rotation": {
						"0.0": {
							"vector": [0, 0, 0]
						},
						"0.1667": {
							"vector": [-75.08559, -0.126, 1.94444]
						},
						"0.4167": {
							"vector": [-107.32797, -2.00355, 2.32073]
						},
						"0.5417": {
							"vector": [-60.47479, -17.22575, 3.13388]
						},
						"0.6667": {
							"vector": [-77.48847, -2.44071, -0.54143]
						},
						"0.75": {
							"vector": [-118.07651, -14.02523, 2.2419]
						},
						"0.8333": {
							"vector": [-100.00933, -2.462, 0.43439]
						},
						"0.9583": {
							"vector": [-100.23772, -12.3071, 2.20462]
						},
						"1.0833": {
							"vector": [-107.32797, -2.00355, 2.32073]
						},
						"1.2083": {
							"vector": [-60.47479, -17.22575, 3.13388]
						},
						"1.3333": {
							"vector": [-77.5, 0, 0]
						},
						"1.4167": {
							"vector": [-118.07651, -14.02523, 2.2419]
						},
						"1.5": {
							"vector": [-100.08453, -7.38542, 1.30962]
						},
						"1.625": {
							"vector": [-100.23772, -12.3071, 2.20462]
						},
						"1.9583": {
							"vector": [0, 0, 0]
						}
					},
					"position": {
						"0.0": {
							"vector": [0, 0, 0]
						},
						"0.1667": {
							"vector": [0, 0, 4]
						},
						"0.4167": {
							"vector": [0, 0, 3]
						},
						"0.5417": {
							"vector": [0, 0, -2]
						},
						"0.6667": {
							"vector": [0, 0, 4]
						},
						"0.75": {
							"vector": [0, 0, -3]
						},
						"0.8333": {
							"vector": [0, 0, 5]
						},
						"0.9583": {
							"vector": [0, 0, -2]
						},
						"1.0833": {
							"vector": [0, 0, 5]
						},
						"1.2083": {
							"vector": [0, 0, -2]
						},
						"1.3333": {
							"vector": [0, 0, 4]
						},
						"1.4167": {
							"vector": [0, 0, -3]
						},
						"1.5": {
							"vector": [0, 0, 5]
						},
						"1.625": {
							"vector": [0, 0, -2]
						},
						"1.9583": {
							"vector": [0, 0, 0]
						}
					},
					"scale": {
						"0.0": {
							"vector": [1, 1, 1]
						},
						"1.9583": {
							"vector": [1, 1, 1]
						}
					}
				},
				"left_arm": {
					"rotation": {
						"0.0": {
							"vector": [0, 0, 0]
						},
						"0.25": {
							"vector": [-64.55518, -1.44786, -3.7296]
						},
						"0.4167": {
							"vector": [-77.5, 7.5, 0]
						},
						"0.5417": {
							"vector": [-85, 2.5, 0]
						},
						"0.6667": {
							"vector": [-100.11443, 9.92327, -0.88034]
						},
						"0.75": {
							"vector": [-79.99294, -2.4786, -0.32652]
						},
						"0.8333": {
							"vector": [-77.5, 7.5, 0]
						},
						"0.9583": {
							"vector": [-85, -7.5, 0]
						},
						"1.0833": {
							"vector": [-77.5, 7.5, 0]
						},
						"1.2083": {
							"vector": [-85, 2.5, 0]
						},
						"1.3333": {
							"vector": [-100.11443, 9.92327, -0.88034]
						},
						"1.4167": {
							"vector": [-79.99294, -2.4786, -0.32652]
						},
						"1.5": {
							"vector": [-77.5, 7.5, 0]
						},
						"1.625": {
							"vector": [-85, -7.5, 0]
						},
						"1.9583": {
							"vector": [0, 0, 0]
						}
					},
					"position": {
						"0.0": {
							"vector": [0, 0, 0]
						},
						"0.25": {
							"vector": [0, 0, 3.6]
						},
						"0.4167": {
							"vector": [0, 0, -2]
						},
						"0.5417": {
							"vector": [0, 0, 7]
						},
						"0.6667": {
							"vector": [0, 0, -1]
						},
						"0.75": {
							"vector": [0, 0, 6]
						},
						"0.8333": {
							"vector": [0, 0, -2]
						},
						"0.9583": {
							"vector": [0, 0, 6]
						},
						"1.0833": {
							"vector": [0, 0, -2]
						},
						"1.2083": {
							"vector": [0, 0, 6]
						},
						"1.3333": {
							"vector": [0, 0, -1]
						},
						"1.4167": {
							"vector": [0, 0, 6]
						},
						"1.5": {
							"vector": [0, 0, -2]
						},
						"1.625": {
							"vector": [0, 0, 6]
						},
						"1.9583": {
							"vector": [0, 0, 0]
						}
					},
					"scale": {
						"0.0": {
							"vector": [1, 1, 1]
						},
						"1.9583": {
							"vector": [1, 1, 1]
						}
					}
				},
				"right_leg": {
					"rotation": {
						"0.0": {
							"vector": [0, 0, 0]
						},
						"0.1667": {
							"vector": [15.49968, 0, 4.00064]
						},
						"0.5833": {
							"vector": [-10.00238, -0.10901, 7.49762]
						},
						"1.0": {
							"vector": [-7.50214, -0.10901, 7.49762]
						},
						"1.3333": {
							"vector": [-4.66893, -0.10901, 7.49762]
						},
						"1.625": {
							"vector": [-2.50238, -0.10901, 7.49762]
						},
						"1.9583": {
							"vector": [0, 0, 0]
						}
					},
					"position": {
						"0.0": {
							"vector": [0, 0, 0]
						},
						"1.9583": {
							"vector": [0, 0, 0]
						}
					},
					"scale": {
						"0.0": {
							"vector": [1, 1, 1]
						},
						"1.9583": {
							"vector": [1, 1, 1]
						}
					}
				},
				"left_leg": {
					"rotation": {
						"0.0": {
							"vector": [0, 0, 0]
						},
						"0.1667": {
							"vector": [-1.00096, 0, -4.00064]
						},
						"0.2083": {
							"vector": [-7.5, 0, -5]
						},
						"0.2917": {
							"vector": [-11.38792, -0.02423, -5.55525]
						},
						"0.5833": {
							"vector": [-2.49762, -0.10901, -7.49762]
						},
						"1.625": {
							"vector": [5.00238, -0.10901, -7.49762]
						},
						"1.9583": {
							"vector": [0, 0, 0]
						}
					},
					"position": {
						"0.0": {
							"vector": [0, 0, 0]
						},
						"1.9583": {
							"vector": [0, 0, 0]
						}
					},
					"scale": {
						"0.0": {
							"vector": [1, 1, 1]
						},
						"1.9583": {
							"vector": [1, 1, 1]
						}
					}
				}
			}
		}
	}
}