{
	"format_version": "1.8.0",
	"animations": {
		"chargingidle": {
			"loop": true,
			"animation_length": 0.875,
			"bones": {
				"body": {
					"rotation": {
						"0.0": {
							"vector": [0, 27.5, 0]
						},
						"0.4583": {
							"vector": [0, 30, 0]
						},
						"0.875": {
							"vector": [0, 27.5, 0]
						}
					},
					"position": {
						"vector": [0, -0.25, 0]
					}
				},
				"torso": {
					"rotation": {
						"0.0": {
							"vector": [-5, 0, 0]
						},
						"0.4583": {
							"vector": [-7.5, 0, 0]
						},
						"0.875": {
							"vector": [-5, 0, 0]
						}
					},
					"position": {
						"0.0": {
							"vector": [0, 0, 0.75]
						},
						"0.4583": {
							"vector": [-0.04617, 0, 0.8387]
						},
						"0.875": {
							"vector": [0, 0, 0.75]
						}
					}
				},
				"head": {
					"rotation": {
						"0.0": {
							"vector": [5, -27.5, 0]
						},
						"0.5": {
							"vector": [7.5, -27.5, 0]
						},
						"0.875": {
							"vector": [5, -27.5, 0]
						}
					},
					"position": {
						"0.0": {
							"vector": [0, 0, 0.75]
						},
						"0.5": {
							"vector": [-0.04617, 0, 0.8387]
						},
						"0.875": {
							"vector": [0, 0, 0.75]
						}
					}
				},
				"right_arm": {
					"rotation": {
						"0.0": {
							"vector": [1.5741, 17.43127, 22.74133]
						},
						"0.625": {
							"vector": [2.49199, 17.71782, 17.50497]
						},
						"0.875": {
							"vector": [1.5741, 17.43127, 22.74133]
						}
					},
					"position": {
						"vector": [-0.125, -0.2, 0.21651]
					}
				},
				"left_arm": {
					"rotation": {
						"0.0": {
							"vector": [-147.37827, -12.77659, -23.12552]
						},
						"0.375": {
							"vector": [-149.42799, -11.42044, -25.27349]
						},
						"0.875": {
							"vector": [-147.37827, -12.77659, -23.12552]
						}
					},
					"position": {
						"0.0": {
							"vector": [-1, -5, 0]
						},
						"0.375": {
							"vector": [-0.875, -5, -0.21651]
						},
						"0.875": {
							"vector": [-1, -5, 0]
						}
					}
				},
				"right_leg": {
					"rotation": {
						"0.0": {
							"vector": [2.5, -7.5, 5]
						},
						"0.2917": {
							"vector": [2.48097, -2.50472, 5.21803]
						},
						"0.875": {
							"vector": [2.5, -7.5, 5]
						}
					}
				},
				"left_leg": {
					"rotation": {
						"0.0": {
							"vector": [0, -27.5, 0]
						},
						"0.5417": {
							"vector": [0, -30, 0]
						},
						"0.875": {
							"vector": [0, -27.5, 0]
						}
					},
					"position": {
						"0.0": {
							"vector": [0.56806, 0, -0.54982]
						},
						"0.5417": {
							"vector": [0.67, 0, -0.72321]
						},
						"0.875": {
							"vector": [0.56806, 0, -0.54982]
						}
					}
				}
			}
		}
	}
}