{
	"format_version": "1.8.0",
	"animations": {
		"chargehamon": {
			"animation_length": 1.20833,
			"bones": {
				"body": {
					"rotation": {
						"0.0": {
							"vector": [0, 0, 0]
						},
						"0.25": {
							"vector": [0, 27.5, 0]
						},
						"0.7083": {
							"vector": [0, 30, 0]
						},
						"1.2083": {
							"vector": [0, 27.5, 0]
						}
					},
					"position": {
						"0.0": {
							"vector": [0, 0, 0]
						},
						"0.7083": {
							"vector": [0, -0.25, 0]
						}
					},
					"scale": {
						"vector": [1, 1, 1]
					}
				},
				"torso": {
					"rotation": {
						"0.0": {
							"vector": [0, 0, 0]
						},
						"0.25": {
							"vector": [-5, 0, 0]
						},
						"0.7083": {
							"vector": [-7.5, 0, 0]
						},
						"1.2083": {
							"vector": [-5, 0, 0]
						}
					},
					"position": {
						"0.0": {
							"vector": [0, 0, 0]
						},
						"0.25": {
							"vector": [0, 0, 0.75]
						},
						"0.7083": {
							"vector": [-0.04617, 0, 0.8387]
						},
						"1.2083": {
							"vector": [0, 0, 0.75]
						}
					},
					"scale": {
						"vector": [1, 1, 1]
					}
				},
				"head": {
					"rotation": {
						"0.0": {
							"vector": [0, 0, 0]
						},
						"0.25": {
							"vector": [5, -27.5, 0]
						},
						"0.75": {
							"vector": [7.5, -27.5, 0]
						},
						"1.2083": {
							"vector": [5, -27.5, 0]
						}
					},
					"position": {
						"0.0": {
							"vector": [0, 0, 0]
						},
						"0.25": {
							"vector": [0, 0, 0.75]
						},
						"0.75": {
							"vector": [-0.04617, 0, 0.8387]
						},
						"1.2083": {
							"vector": [0, 0, 0.75]
						}
					},
					"scale": {
						"vector": [1, 1, 1]
					}
				},
				"right_arm": {
					"rotation": {
						"0.0": {
							"vector": [0, 0, 0]
						},
						"0.25": {
							"vector": [1.5741, 17.43127, 22.74133]
						},
						"0.875": {
							"vector": [2.49199, 17.71782, 17.50497]
						},
						"1.2083": {
							"vector": [1.5741, 17.43127, 22.74133]
						}
					},
					"position": {
						"0.0": {
							"vector": [0, 0, 0]
						},
						"0.875": {
							"vector": [-0.125, -0.2, 0.21651]
						}
					},
					"scale": {
						"vector": [1, 1, 1]
					}
				},
				"left_arm": {
					"rotation": {
						"0.0": {
							"vector": [0, 0, 0]
						},
						"0.25": {
							"vector": [-147.37827, -12.77659, -23.12552]
						},
						"0.625": {
							"vector": [-149.42799, -11.42044, -25.27349]
						},
						"1.2083": {
							"vector": [-147.37827, -12.77659, -23.12552]
						}
					},
					"position": {
						"0.0": {
							"vector": [0, 0, 0]
						},
						"0.25": {
							"vector": [-1, -5, 0]
						},
						"0.625": {
							"vector": [-0.875, -5, -0.21651]
						},
						"1.2083": {
							"vector": [-1, -5, 0]
						}
					},
					"scale": {
						"vector": [1, 1, 1]
					}
				},
				"right_leg": {
					"rotation": {
						"0.0": {
							"vector": [0, 0, 0]
						},
						"0.25": {
							"vector": [2.5, -7.5, 5]
						},
						"0.5417": {
							"vector": [2.48097, -2.50472, 5.21803]
						},
						"1.2083": {
							"vector": [2.5, -7.5, 5]
						}
					},
					"position": {
						"vector": [0, 0, 0]
					},
					"scale": {
						"vector": [1, 1, 1]
					}
				},
				"left_leg": {
					"rotation": {
						"0.0": {
							"vector": [0, 0, 0]
						},
						"0.25": {
							"vector": [0, -27.5, 0]
						},
						"0.7917": {
							"vector": [0, -30, 0]
						},
						"1.2083": {
							"vector": [0, -27.5, 0]
						}
					},
					"position": {
						"0.0": {
							"vector": [0, 0, 0]
						},
						"0.25": {
							"vector": [0.56806, 0, -0.54982]
						},
						"0.7917": {
							"vector": [0.67, 0, -0.72321]
						},
						"1.2083": {
							"vector": [0.56806, 0, -0.54982]
						}
					},
					"scale": {
						"vector": [1, 1, 1]
					}
				}
			}
		}
	}
}