{
	"format_version": "1.8.0",
	"animations": {
		"groundripple": {
			"animation_length": 1.25,
			"bones": {
				"body": {
					"rotation": {
						"0.0": {
							"vector": [0, 0, 0]
						},
						"0.2083": {
							"vector": [0, 20, 0]
						},
						"0.5": {
							"vector": [-5, 35, 0]
						},
						"0.7083": {
							"vector": [33.38972, 5.08965, 2.50751]
						},
						"0.8333": {
							"vector": [38.38972, 5.08965, 2.50751]
						},
						"1.0": {
							"vector": [38.38972, 5.08965, 2.50751]
						},
						"1.0833": {
							"vector": [0, 0, 0]
						}
					},
					"position": {
						"0.0": {
							"vector": [0, 0, 0]
						},
						"1.0833": {
							"vector": [0, 0, 0]
						}
					},
					"scale": {
						"0.0": {
							"vector": [1, 1, 1]
						},
						"1.0833": {
							"vector": [1, 1, 1]
						}
					}
				},
				"torso": {
					"rotation": {
						"0.0": {
							"vector": [0, 0, 0]
						},
						"1.0833": {
							"vector": [0, 0, 0]
						}
					},
					"position": {
						"0.0": {
							"vector": [0, 0, 0]
						},
						"1.0833": {
							"vector": [0, 0, 0]
						}
					},
					"scale": {
						"0.0": {
							"vector": [1, 1, 1]
						},
						"1.0833": {
							"vector": [1, 1, 1]
						}
					}
				},
				"head": {
					"rotation": {
						"0.0": {
							"vector": [0, 0, 0]
						},
						"0.2083": {
							"vector": [0, -22.5, 0]
						},
						"0.5": {
							"vector": [5.63752, -34.94679, -1.3187]
						},
						"0.7083": {
							"vector": [-25.59211, -7.42526, 1.09765]
						},
						"0.8333": {
							"vector": [-30.59211, -7.42526, 1.09765]
						},
						"1.0": {
							"vector": [-30.59211, -7.42526, 1.09765]
						},
						"1.0833": {
							"vector": [0, 0, 0]
						}
					},
					"position": {
						"0.0": {
							"vector": [0, 0, 0]
						},
						"1.0833": {
							"vector": [0, 0, 0]
						}
					},
					"scale": {
						"0.0": {
							"vector": [1, 1, 1]
						},
						"1.0833": {
							"vector": [1, 1, 1]
						}
					}
				},
				"right_arm": {
					"rotation": {
						"0.0": {
							"vector": [0, 0, 0]
						},
						"0.2083": {
							"vector": [1.31845, 9.91358, 7.61435]
						},
						"0.5": {
							"vector": [4.85957, 18.82616, 28.71388]
						},
						"0.7083": {
							"vector": [-34.50053, 6.67632, 9.25057]
						},
						"0.8333": {
							"vector": [-42.43819, 10.78696, 6.37]
						},
						"1.0": {
							"vector": [-42.43819, 10.78696, 6.37]
						},
						"1.0833": {
							"vector": [0, 0, 0]
						}
					},
					"position": {
						"0.0": {
							"vector": [0, 0, 0]
						},
						"1.0833": {
							"vector": [0, 0, 0]
						}
					},
					"scale": {
						"0.0": {
							"vector": [1, 1, 1]
						},
						"1.0833": {
							"vector": [1, 1, 1]
						}
					}
				},
				"left_arm": {
					"rotation": {
						"0.0": {
							"vector": [0, 0, 0]
						},
						"0.2083": {
							"vector": [1.3378, -14.94159, -5.17544]
						},
						"0.5": {
							"vector": [12.12609, -16.8812, -8.24871]
						},
						"0.7083": {
							"vector": [33.79571, -12.79616, -14.75748]
						},
						"0.8333": {
							"vector": [34.90664, -12.03734, -20.42724]
						},
						"1.0": {
							"vector": [34.90664, -12.03734, -20.42724]
						},
						"1.0833": {
							"vector": [0, 0, 0]
						}
					},
					"position": {
						"0.0": {
							"vector": [0, 0, 0]
						},
						"1.0833": {
							"vector": [0, 0, 0]
						}
					},
					"scale": {
						"0.0": {
							"vector": [1, 1, 1]
						},
						"1.0833": {
							"vector": [1, 1, 1]
						}
					}
				},
				"right_leg": {
					"rotation": {
						"0.0": {
							"vector": [0, 0, 0]
						},
						"0.2083": {
							"vector": [5, 0, 0]
						},
						"0.5": {
							"vector": [5.63, 0, 0]
						},
						"0.7083": {
							"vector": [-32.5, 0, 0]
						},
						"0.8333": {
							"vector": [-37.5, 0, 0]
						},
						"1.0": {
							"vector": [-37.5, 0, 0]
						},
						"1.0833": {
							"vector": [0, 0, 0]
						}
					},
					"position": {
						"0.0": {
							"vector": [0, 0, 0]
						},
						"1.0833": {
							"vector": [0, 0, 0]
						}
					},
					"scale": {
						"0.0": {
							"vector": [1, 1, 1]
						},
						"1.0833": {
							"vector": [1, 1, 1]
						}
					}
				},
				"left_leg": {
					"rotation": {
						"0.0": {
							"vector": [0, 0, 0]
						},
						"0.2083": {
							"vector": [0, -12.5, 0]
						},
						"0.5": {
							"vector": [0, -22.5, 0]
						},
						"0.7083": {
							"vector": [-43.50422, -14.02936, 4.36733]
						},
						"1.0": {
							"vector": [-42.1676, -3.11764, 0.97052]
						},
						"1.0833": {
							"vector": [0, 0, 0]
						}
					},
					"position": {
						"0.0": {
							"vector": [0, 0, 0]
						},
						"0.2083": {
							"vector": [0, 0, -3]
						},
						"0.5": {
							"vector": [1, 5, -4]
						},
						"0.7083": {
							"vector": [0.95642, 5.83628, -2.45344]
						},
						"0.8333": {
							"vector": [1.0456, 1.94671, -3.8046]
						},
						"1.0": {
							"vector": [1.00202, 2.73217, -3.18723]
						},
						"1.0833": {
							"vector": [0, 0, 0]
						}
					},
					"scale": {
						"0.0": {
							"vector": [1, 1, 1]
						},
						"1.0833": {
							"vector": [1, 1, 1]
						}
					}
				}
			}
		}
	}
}