{
	"format_version": "1.8.0",
	"animations": {
		"powerup": {
			"animation_length": 1.375,
			"bones": {
				"body": {
					"rotation": {
						"0.0": {
							"vector": [0, 0, 0]
						},
						"0.2083": {
							"vector": [7.5, 0, 0]
						},
						"0.4583": {
							"vector": [20, 0, 0]
						},
						"0.625": {
							"vector": [20, 0, 0]
						},
						"0.8333": {
							"vector": [-27.5, 0, 0]
						},
						"1.0417": {
							"vector": [-27.5, 0, 0]
						},
						"1.2083": {
							"vector": [-15, 0, 0]
						},
						"1.375": {
							"vector": [0, 0, 0]
						}
					},
					"position": {
						"0.0": {
							"vector": [0, 0, 0]
						},
						"1.375": {
							"vector": [0, 0, 0]
						}
					},
					"scale": {
						"0.0": {
							"vector": [1, 1, 1]
						},
						"1.375": {
							"vector": [1, 1, 1]
						}
					}
				},
				"torso": {
					"rotation": {
						"0.0": {
							"vector": [0, 0, 0]
						},
						"1.375": {
							"vector": [0, 0, 0]
						}
					},
					"position": {
						"0.0": {
							"vector": [0, 0, 0]
						},
						"1.375": {
							"vector": [0, 0, 0]
						}
					},
					"scale": {
						"0.0": {
							"vector": [1, 1, 1]
						},
						"1.375": {
							"vector": [1, 1, 1]
						}
					}
				},
				"head": {
					"rotation": {
						"0.0": {
							"vector": [0, 0, 0]
						},
						"0.2083": {
							"vector": [-7.5, 0, 0]
						},
						"0.4583": {
							"vector": [20, 0, 0]
						},
						"0.625": {
							"vector": [27.5, 0, 0]
						},
						"0.8333": {
							"vector": [-15, 0, 0]
						},
						"1.0417": {
							"vector": [-15, 0, 0]
						},
						"1.2083": {
							"vector": [-2.5, 0, 0]
						},
						"1.375": {
							"vector": [0, 0, 0]
						}
					},
					"position": {
						"0.0": {
							"vector": [0, 0, 0]
						},
						"1.375": {
							"vector": [0, 0, 0]
						}
					},
					"scale": {
						"0.0": {
							"vector": [1, 1, 1]
						},
						"1.375": {
							"vector": [1, 1, 1]
						}
					}
				},
				"right_arm": {
					"rotation": {
						"0.0": {
							"vector": [0, 0, 0]
						},
						"0.2083": {
							"vector": [-13.30767, 11.63446, -5.23621]
						},
						"0.4583": {
							"vector": [-29.03495, -9.50317, -42.32668]
						},
						"0.625": {
							"vector": [-29.03495, -9.50317, -42.32668]
						},
						"0.8333": {
							"vector": [-15.46577, 36.07863, 28.52458]
						},
						"1.0417": {
							"vector": [-15.46577, 36.07863, 28.52458]
						},
						"1.2083": {
							"vector": [-15.46577, 36.07863, 28.52458]
						},
						"1.375": {
							"vector": [0, 0, 0]
						}
					},
					"position": {
						"0.0": {
							"vector": [0, 0, 0]
						},
						"1.375": {
							"vector": [0, 0, 0]
						}
					},
					"scale": {
						"0.0": {
							"vector": [1, 1, 1]
						},
						"1.375": {
							"vector": [1, 1, 1]
						}
					}
				},
				"left_arm": {
					"rotation": {
						"0.0": {
							"vector": [0, 0, 0]
						},
						"0.2083": {
							"vector": [-15.41602, -6.58454, 4.38095]
						},
						"0.4583": {
							"vector": [-26.09756, 12.1875, 39.90791]
						},
						"0.625": {
							"vector": [-26.09756, 12.1875, 39.90791]
						},
						"0.8333": {
							"vector": [-18.67734, -48.83346, -24.01684]
						},
						"1.0417": {
							"vector": [-18.67734, -48.83346, -24.01684]
						},
						"1.2083": {
							"vector": [-18.67734, -48.83346, -24.01684]
						},
						"1.375": {
							"vector": [0, 0, 0]
						}
					},
					"position": {
						"0.0": {
							"vector": [0, 0, 0]
						},
						"1.375": {
							"vector": [0, 0, 0]
						}
					},
					"scale": {
						"0.0": {
							"vector": [1, 1, 1]
						},
						"1.375": {
							"vector": [1, 1, 1]
						}
					}
				},
				"right_leg": {
					"rotation": {
						"0.0": {
							"vector": [0, 0, 0]
						},
						"0.4583": {
							"vector": [-9.99067, 0.43399, 2.46207]
						},
						"0.625": {
							"vector": [-17.46271, 0.86717, 4.92442]
						},
						"0.8333": {
							"vector": [22.19157, -3.81024, 9.25249]
						},
						"1.0417": {
							"vector": [22.19157, -3.81024, 9.25249]
						},
						"1.2083": {
							"vector": [22.48072, -0.95645, 2.30991]
						},
						"1.375": {
							"vector": [0, 0, 0]
						}
					},
					"position": {
						"0.0": {
							"vector": [0, 0, 0]
						},
						"1.375": {
							"vector": [0, 0, 0]
						}
					},
					"scale": {
						"0.0": {
							"vector": [1, 1, 1]
						},
						"1.375": {
							"vector": [1, 1, 1]
						}
					}
				},
				"left_leg": {
					"rotation": {
						"0.0": {
							"vector": [0, 0, 0]
						},
						"0.2083": {
							"vector": [-12.5, 0, 0]
						},
						"0.4583": {
							"vector": [-22.48072, -0.95645, -2.30991]
						},
						"0.625": {
							"vector": [-22.42287, -1.91134, -4.62111]
						},
						"0.8333": {
							"vector": [22.04983, 4.55031, -11.65158]
						},
						"1.0417": {
							"vector": [22.04983, 4.55031, -11.65158]
						},
						"1.2083": {
							"vector": [12.48848, 0.54094, -2.44081]
						},
						"1.375": {
							"vector": [0, 0, 0]
						}
					},
					"position": {
						"0.0": {
							"vector": [0, 0, 0]
						},
						"0.2083": {
							"vector": [0, 0, 0]
						},
						"1.375": {
							"vector": [0, 0, 0]
						}
					},
					"scale": {
						"0.0": {
							"vector": [1, 1, 1]
						},
						"1.375": {
							"vector": [1, 1, 1]
						}
					}
				}
			}
		}
	}
}