{
	"format_version": "1.8.0",
	"animations": {
		"thundersplit": {
			"animation_length": 1.58333,
			"bones": {
				"body": {
					"rotation": {
						"0.0": {
							"vector": [0, 0, 0]
						},
						"1.5833": {
							"vector": [0, 0, 0]
						}
					},
					"position": {
						"0.0": {
							"vector": [0, 0, 0]
						},
						"0.5417": {
							"vector": [0, 1, 0]
						},
						"1.125": {
							"vector": [0, -0.61, 0]
						},
						"1.5833": {
							"vector": [0, 0, 0]
						}
					},
					"scale": {
						"0.0": {
							"vector": [1, 1, 1]
						},
						"1.5833": {
							"vector": [1, 1, 1]
						}
					}
				},
				"torso": {
					"rotation": {
						"0.0": {
							"vector": [0, 0, 0]
						},
						"1.5833": {
							"vector": [0, 0, 0]
						}
					},
					"position": {
						"0.0": {
							"vector": [0, 0, 0]
						},
						"1.5833": {
							"vector": [0, 0, 0]
						}
					},
					"scale": {
						"0.0": {
							"vector": [1, 1, 1]
						},
						"1.5833": {
							"vector": [1, 1, 1]
						}
					}
				},
				"head": {
					"rotation": {
						"0.0": {
							"vector": [0, 0, 0]
						},
						"0.375": {
							"vector": [2.5, 0, 0]
						},
						"0.5": {
							"vector": [14.5, 0, 0]
						},
						"0.9167": {
							"vector": [14.5, 0, 0]
						},
						"1.2917": {
							"vector": [-2.75, 0, 0]
						},
						"1.5833": {
							"vector": [0, 0, 0]
						}
					},
					"position": {
						"0.0": {
							"vector": [0, 0, 0]
						},
						"1.5833": {
							"vector": [0, 0, 0]
						}
					},
					"scale": {
						"0.0": {
							"vector": [1, 1, 1]
						},
						"1.5833": {
							"vector": [1, 1, 1]
						}
					}
				},
				"right_arm": {
					"rotation": {
						"0.0": {
							"vector": [0, 0, 0]
						},
						"0.2083": {
							"vector": [-52.13387, -8.8899, -10.67768]
						},
						"0.375": {
							"vector": [-35.49298, -35.84383, -47.15516]
						},
						"0.5": {
							"vector": [-80.49298, -35.84383, -47.15516]
						},
						"0.9167": {
							"vector": [-80.49298, -35.84383, -47.15516]
						},
						"1.125": {
							"vector": [-57.75625, 68.23278, 0.67527]
						},
						"1.5833": {
							"vector": [0, 0, 0]
						}
					},
					"position": {
						"0.0": {
							"vector": [0, 0, 0]
						},
						"0.5": {
							"vector": [0.56, 0, 0]
						},
						"0.9167": {
							"vector": [0.56, 0, 0]
						},
						"1.125": {
							"vector": [-1, 0, 0]
						},
						"1.5833": {
							"vector": [0, 0, 0]
						}
					},
					"scale": {
						"0.0": {
							"vector": [1, 1, 1]
						},
						"1.5833": {
							"vector": [1, 1, 1]
						}
					}
				},
				"left_arm": {
					"rotation": {
						"0.0": {
							"vector": [0, 0, 0]
						},
						"0.2083": {
							"vector": [-49.39305, 10.31769, 12.91232]
						},
						"0.375": {
							"vector": [-38.7989, 31.59538, 39.59551]
						},
						"0.5": {
							"vector": [-86.2989, 31.59538, 39.59551]
						},
						"0.9167": {
							"vector": [-86.2989, 31.59538, 39.59551]
						},
						"1.125": {
							"vector": [-46.87162, -69.65761, -10.35236]
						},
						"1.5833": {
							"vector": [0, 0, 0]
						}
					},
					"position": {
						"0.0": {
							"vector": [0, 0, 0]
						},
						"0.5": {
							"vector": [-0.56, 0, 0]
						},
						"0.9167": {
							"vector": [-0.56, 0, 0]
						},
						"1.125": {
							"vector": [1, 0, 0]
						},
						"1.5833": {
							"vector": [0, 0, 0]
						}
					},
					"scale": {
						"0.0": {
							"vector": [1, 1, 1]
						},
						"1.5833": {
							"vector": [1, 1, 1]
						}
					}
				},
				"right_leg": {
					"rotation": {
						"0.0": {
							"vector": [0, 0, 0]
						},
						"0.2917": {
							"vector": [-48.66945, 7.84003, 64.95823]
						},
						"0.5833": {
							"vector": [-51.16945, 7.84003, 64.95823]
						},
						"0.9167": {
							"vector": [-48.66945, 7.84003, 64.95823]
						},
						"1.125": {
							"vector": [-19.17918, -0.57935, 48.11901]
						},
						"1.375": {
							"vector": [0.4568, -4.93519, 5.78109]
						},
						"1.5833": {
							"vector": [0, 0, 0]
						}
					},
					"position": {
						"0.0": {
							"vector": [0, 0, 0]
						},
						"1.5833": {
							"vector": [0, 0, 0]
						}
					},
					"scale": {
						"0.0": {
							"vector": [1, 1, 1]
						},
						"1.5833": {
							"vector": [1, 1, 1]
						}
					}
				},
				"left_leg": {
					"rotation": {
						"0.0": {
							"vector": [0, 0, 0]
						},
						"0.2917": {
							"vector": [-42.57546, 1.68553, -78.51412]
						},
						"0.5833": {
							"vector": [-47.57546, 1.68553, -78.51412]
						},
						"0.9167": {
							"vector": [-42.57546, 1.68553, -78.51412]
						},
						"1.125": {
							"vector": [-11.5387, 13.1353, -50.15223]
						},
						"1.375": {
							"vector": [-1.75129, -2.32004, 0.76606]
						},
						"1.5833": {
							"vector": [0, 0, 0]
						}
					},
					"position": {
						"0.0": {
							"vector": [0, 0, 0]
						},
						"1.5833": {
							"vector": [0, 0, 0]
						}
					},
					"scale": {
						"0.0": {
							"vector": [1, 1, 1]
						},
						"1.5833": {
							"vector": [1, 1, 1]
						}
					}
				}
			}
		}
	}
}