{
	"format_version": "1.8.0",
	"animations": {
		"wryy": {
			"animation_length": 1.20833,
			"bones": {
				"body": {
					"rotation": {
						"0.0": {
							"vector": [0, 0, 0]
						},
						"0.5833": {
							"vector": [-17.5, 0, 0]
						},
						"1.0417": {
							"vector": [-17.5, 0, 0]
						},
						"1.2083": {
							"vector": [0, 0, 0]
						}
					},
					"position": {
						"0.0": {
							"vector": [0, 0, 0]
						},
						"1.2083": {
							"vector": [0, 0, 0]
						}
					},
					"scale": {
						"0.0": {
							"vector": [1, 1, 1]
						},
						"1.2083": {
							"vector": [1, 1, 1]
						}
					}
				},
				"torso": {
					"rotation": {
						"0.0": {
							"vector": [0, 0, 0]
						},
						"0.2917": {
							"vector": [-27.5, 0, 0]
						},
						"0.5833": {
							"vector": [-32.5, 0, 0]
						},
						"1.0417": {
							"vector": [-32.5, 0, 0]
						},
						"1.2083": {
							"vector": [0, 0, 0]
						}
					},
					"position": {
						"0.0": {
							"vector": [0, 0, 0]
						},
						"0.2917": {
							"vector": [0, -2, 5]
						},
						"0.5833": {
							"vector": [0, -3, 6]
						},
						"1.0417": {
							"vector": [0, -3, 6]
						},
						"1.2083": {
							"vector": [0, 0, 0]
						}
					},
					"scale": {
						"0.0": {
							"vector": [1, 1, 1]
						},
						"1.2083": {
							"vector": [1, 1, 1]
						}
					}
				},
				"head": {
					"rotation": {
						"0.0": {
							"vector": [0, 0, 0]
						},
						"0.2917": {
							"vector": [-5, 0, 0]
						},
						"0.5833": {
							"vector": [-5, 0, 0]
						},
						"1.0417": {
							"vector": [-5, 0, 0]
						},
						"1.2083": {
							"vector": [0, 0, 0]
						}
					},
					"position": {
						"0.0": {
							"vector": [0, 0, 0]
						},
						"0.2917": {
							"vector": [0, -2, 6]
						},
						"0.5833": {
							"vector": [0, -2.25, 7]
						},
						"1.0417": {
							"vector": [0, -2.25, 7]
						},
						"1.2083": {
							"vector": [0, 0, 0]
						}
					},
					"scale": {
						"0.0": {
							"vector": [1, 1, 1]
						},
						"1.2083": {
							"vector": [1, 1, 1]
						}
					}
				},
				"right_arm": {
					"rotation": {
						"0.0": {
							"vector": [0, 0, 0]
						},
						"0.2917": {
							"vector": [-60.59351, 22.58381, -3.86406]
						},
						"0.5833": {
							"vector": [-75.46774, 19.71572, -8.91964]
						},
						"1.0417": {
							"vector": [-75.46774, 19.71572, -8.91964]
						},
						"1.2083": {
							"vector": [0, 0, 0]
						}
					},
					"position": {
						"0.0": {
							"vector": [0, 0, 0]
						},
						"0.2917": {
							"vector": [0, -2, 4]
						},
						"0.5833": {
							"vector": [0, -2.75, 4.75]
						},
						"1.0417": {
							"vector": [0, -2.75, 4.75]
						},
						"1.2083": {
							"vector": [0, 0, 0]
						}
					},
					"scale": {
						"0.0": {
							"vector": [1, 1, 1]
						},
						"1.2083": {
							"vector": [1, 1, 1]
						}
					}
				},
				"left_arm": {
					"rotation": {
						"0.0": {
							"vector": [0, 0, 0]
						},
						"0.2917": {
							"vector": [-64.22939, -20.05115, 1.05443]
						},
						"0.5833": {
							"vector": [-69.45935, -17.37652, 7.57866]
						},
						"1.0417": {
							"vector": [-69.45935, -17.37652, 7.57866]
						},
						"1.2083": {
							"vector": [0, 0, 0]
						}
					},
					"position": {
						"0.0": {
							"vector": [0, 0, 0]
						},
						"0.2917": {
							"vector": [0, -2, 5]
						},
						"0.5833": {
							"vector": [0, -2.5, 5.25]
						},
						"1.0417": {
							"vector": [0, -2.5, 5.25]
						},
						"1.2083": {
							"vector": [0, 0, 0]
						}
					},
					"scale": {
						"0.0": {
							"vector": [1, 1, 1]
						},
						"1.2083": {
							"vector": [1, 1, 1]
						}
					}
				},
				"right_leg": {
					"rotation": {
						"0.0": {
							"vector": [0, 0, 0]
						},
						"0.2917": {
							"vector": [0.32902, 7.49282, 2.52154]
						},
						"0.5833": {
							"vector": [12.63051, 10.54426, 9.71149]
						},
						"1.0417": {
							"vector": [12.63051, 10.54426, 9.71149]
						},
						"1.2083": {
							"vector": [0, 0, 0]
						}
					},
					"position": {
						"0.0": {
							"vector": [0, 0, 0]
						},
						"1.2083": {
							"vector": [0, 0, 0]
						}
					},
					"scale": {
						"0.0": {
							"vector": [1, 1, 1]
						},
						"1.2083": {
							"vector": [1, 1, 1]
						}
					}
				},
				"left_leg": {
					"rotation": {
						"0.0": {
							"vector": [0, 0, 0]
						},
						"0.2917": {
							"vector": [0.44067, -9.99038, -2.53852]
						},
						"0.5833": {
							"vector": [12.49629, -12.82585, -10.26111]
						},
						"1.0417": {
							"vector": [12.49629, -12.82585, -10.26111]
						},
						"1.2083": {
							"vector": [0, 0, 0]
						}
					},
					"position": {
						"0.0": {
							"vector": [0, 0, 0]
						},
						"1.2083": {
							"vector": [0, 0, 0]
						}
					},
					"scale": {
						"0.0": {
							"vector": [1, 1, 1]
						},
						"1.2083": {
							"vector": [1, 1, 1]
						}
					}
				}
			}
		},
		"wryy": {
			"animation_length": 1.20833,
			"bones": {
				"body": {
					"rotation": {
						"0.0": {
							"vector": [0, 0, 0]
						},
						"0.5833": {
							"vector": [-17.5, 0, 0]
						},
						"1.0417": {
							"vector": [-17.5, 0, 0]
						},
						"1.2083": {
							"vector": [0, 0, 0]
						}
					},
					"position": {
						"0.0": {
							"vector": [0, 0, 0]
						},
						"1.2083": {
							"vector": [0, 0, 0]
						}
					},
					"scale": {
						"0.0": {
							"vector": [1, 1, 1]
						},
						"1.2083": {
							"vector": [1, 1, 1]
						}
					}
				},
				"torso": {
					"rotation": {
						"0.0": {
							"vector": [0, 0, 0]
						},
						"0.2917": {
							"vector": [-27.5, 0, 0]
						},
						"0.5833": {
							"vector": [-32.5, 0, 0]
						},
						"1.0417": {
							"vector": [-32.5, 0, 0]
						},
						"1.2083": {
							"vector": [0, 0, 0]
						}
					},
					"position": {
						"0.0": {
							"vector": [0, 0, 0]
						},
						"0.2917": {
							"vector": [0, -2, 5]
						},
						"0.5833": {
							"vector": [0, -3, 6]
						},
						"1.0417": {
							"vector": [0, -3, 6]
						},
						"1.2083": {
							"vector": [0, 0, 0]
						}
					},
					"scale": {
						"0.0": {
							"vector": [1, 1, 1]
						},
						"1.2083": {
							"vector": [1, 1, 1]
						}
					}
				},
				"head": {
					"rotation": {
						"0.0": {
							"vector": [0, 0, 0]
						},
						"0.2917": {
							"vector": [-5, 0, 0]
						},
						"0.5833": {
							"vector": [-5, 0, 0]
						},
						"1.0417": {
							"vector": [-5, 0, 0]
						},
						"1.2083": {
							"vector": [0, 0, 0]
						}
					},
					"position": {
						"0.0": {
							"vector": [0, 0, 0]
						},
						"0.2917": {
							"vector": [0, -2, 6]
						},
						"0.5833": {
							"vector": [0, -2.25, 7]
						},
						"1.0417": {
							"vector": [0, -2.25, 7]
						},
						"1.2083": {
							"vector": [0, 0, 0]
						}
					},
					"scale": {
						"0.0": {
							"vector": [1, 1, 1]
						},
						"1.2083": {
							"vector": [1, 1, 1]
						}
					}
				},
				"right_arm": {
					"rotation": {
						"0.0": {
							"vector": [0, 0, 0]
						},
						"0.2917": {
							"vector": [-60.59351, 22.58381, -3.86406]
						},
						"0.5833": {
							"vector": [-75.46774, 19.71572, -8.91964]
						},
						"1.0417": {
							"vector": [-75.46774, 19.71572, -8.91964]
						},
						"1.2083": {
							"vector": [0, 0, 0]
						}
					},
					"position": {
						"0.0": {
							"vector": [0, 0, 0]
						},
						"0.2917": {
							"vector": [0, -2, 4]
						},
						"0.5833": {
							"vector": [0, -2.75, 4.75]
						},
						"1.0417": {
							"vector": [0, -2.75, 4.75]
						},
						"1.2083": {
							"vector": [0, 0, 0]
						}
					},
					"scale": {
						"0.0": {
							"vector": [1, 1, 1]
						},
						"1.2083": {
							"vector": [1, 1, 1]
						}
					}
				},