{
	"format_version": "1.8.0",
	"animations": {
		"zoompunch": {
			"animation_length": 1.16667,
			"bones": {
				"body": {
					"rotation": {
						"0.0": {
							"vector": [0, 0, 0]
						},
						"0.2083": {
							"vector": [0, 15, 0]
						},
						"0.4583": {
							"vector": [0, 38.84, 0]
						},
						"0.5833": {
							"vector": [0, 37.5, 0]
						},
						"0.75": {
							"vector": [5, -20, 0]
						},
						"0.9167": {
							"vector": [2.97456, -23.59551, -0.65583]
						},
						"1.1667": {
							"vector": [0, 0, 0]
						}
					},
					"position": {
						"0.0": {
							"vector": [0, 0, 0]
						},
						"1.1667": {
							"vector": [0, 0, 0]
						}
					},
					"scale": {
						"0.0": {
							"vector": [1, 1, 1]
						},
						"1.1667": {
							"vector": [1, 1, 1]
						}
					}
				},
				"torso": {
					"rotation": {
						"0.0": {
							"vector": [0, 0, 0]
						},
						"0.4167": {
							"vector": [-2.5, 0, 0]
						},
						"0.9167": {
							"vector": [-0.75314, -12.49895, 0.16301]
						},
						"1.1667": {
							"vector": [0, 0, 0]
						}
					},
					"position": {
						"0.0": {
							"vector": [0, 0, 0]
						},
						"1.1667": {
							"vector": [0, 0, 0]
						}
					},
					"scale": {
						"0.0": {
							"vector": [1, 1, 1]
						},
						"1.1667": {
							"vector": [1, 1, 1]
						}
					}
				},
				"head": {
					"rotation": {
						"0.0": {
							"vector": [0, 0, 0]
						},
						"0.375": {
							"vector": [3.45461, -0.64679, 9.33163]
						},
						"0.5833": {
							"vector": [1.09147, -27.46929, 2.81523]
						},
						"0.75": {
							"vector": [-7.0588, 19.3372, -8.50704]
						},
						"1.1667": {
							"vector": [0, 0, 0]
						}
					},
					"position": {
						"0.0": {
							"vector": [0, 0, 0]
						},
						"1.1667": {
							"vector": [0, 0, 0]
						}
					},
					"scale": {
						"0.0": {
							"vector": [1, 1, 1]
						},
						"1.1667": {
							"vector": [1, 1, 1]
						}
					}
				},
				"right_arm": {
					"rotation": {
						"0.0": {
							"vector": [0, 0, 0]
						},
						"0.2083": {
							"vector": [-77.5, 0, 0]
						},
						"0.3333": {
							"vector": [-77.41848, 6.00532, 1.33817]
						},
						"0.5833": {
							"vector": [-77.45376, 4.88119, 1.08482]
						},
						"0.75": {
							"vector": [-88.72688, 2.44059, 0.54241]
						},
						"0.9583": {
							"vector": [-81.86344, 1.2203, 0.27121]
						},
						"1.1667": {
							"vector": [0, 0, 0]
						}
					},
					"position": {
						"0.0": {
							"vector": [0, 0, 0]
						},
						"0.5833": {
							"vector": [0.59502, 0.75, 5.45657]
						},
						"0.75": {
							"vector": [0.55276, -0.48571, -3.79039]
						},
						"1.1667": {
							"vector": [0, 0, 0]
						}
					},
					"scale": {
						"0.0": {
							"vector": [1, 1, 1]
						},
						"1.1667": {
							"vector": [1, 1, 1]
						}
					}
				},
				"left_arm": {
					"rotation": {
						"0.0": {
							"vector": [0, 0, 0]
						},
						"0.2083": {
							"vector": [14.29911, -3.95543, -17.17432]
						},
						"0.3333": {
							"vector": [5.62026, -5.5678, -16.67866]
						},
						"0.5833": {
							"vector": [28.56242, -11.87186, -7.45162]
						},
						"0.75": {
							"vector": [-41.82061, -8.22567, -15.40667]
						},
						"1.0417": {
							"vector": [-3.05192, 2.56143, -13.1166]
						},
						"1.1667": {
							"vector": [0, 0, 0]
						}
					},
					"position": {
						"0.0": {
							"vector": [0, 0, 0]
						},
						"1.1667": {
							"vector": [0, 0, 0]
						}
					},
					"scale": {
						"0.0": {
							"vector": [1, 1, 1]
						},
						"1.1667": {
							"vector": [1, 1, 1]
						}
					}
				},
				"right_leg": {
					"rotation": {
						"0.0": {
							"vector": [0, 0, 0]
						},
						"0.2083": {
							"vector": [0.32902, 7.49282, 2.52154]
						},
						"0.5833": {
							"vector": [17.5, 10, 0]
						},
						"0.75": {
							"vector": [-12.5, 10, 0]
						},
						"1.1667": {
							"vector": [0, 0, 0]
						}
					},
					"position": {
						"0.0": {
							"vector": [0, 0, 0]
						},
						"0.5833": {
							"vector": [-0.60876, 0, 0.79335]
						},
						"0.75": {
							"vector": [-1.50823, 0.3425, -3.12483]
						},
						"1.1667": {
							"vector": [0, 0, 0]
						}
					},
					"scale": {
						"0.0": {
							"vector": [1, 1, 1]
						},
						"1.1667": {
							"vector": [1, 1, 1]
						}
					}
				},
				"left_leg": {
					"rotation": {
						"0.0": {
							"vector": [0, 0, 0]
						},
						"0.2083": {
							"vector": [2.35666, -17.34551, -7.85952]
						},
						"0.5833": {
							"vector": [-12.5, -37.5, 0]
						},
						"0.75": {
							"vector": [11.23272, -36.01651, -18.66201]
						},
						"1.1667": {
							"vector": [0, 0, 0]
						}
					},
					"position": {
						"0.0": {
							"vector": [0, 0, 0]
						},
						"0.0833": {
							"vector": [0.14226, 1.5, -0.60726]
						},
						"0.5833": {
							"vector": [0.60876, -0.5, -0.79335]
						},
						"0.75": {
							"vector": [-0.09477, -0.02236, -0.53446]
						},
						"1.1667": {
							"vector": [0, 0, 0]
						}
					},
					"scale": {
						"0.0": {
							"vector": [1, 1, 1]
						},
						"1.1667": {
							"vector": [1, 1, 1]
						}
					}
				}
			}
		}
	}
}